service,error_pattern,solution
Apache,"client denied by server configuration","Verify client IP is allowed within the <Directory> configuration in Apache's config files."
Apache,"404 Not Found","Ensure the requested resource exists and is located in the correct directory. Verify .htaccess and RewriteRules."
Apache,"403 Forbidden","Check directory permissions and Apache configuration for <Directory> settings. Ensure the correct file permissions."
Apache,"500 Internal Server Error","Examine server logs for specific error details. Check for misconfigurations in .htaccess or other config files."
Apache,"client denied by server configuration","Review the <Directory> settings to allow or deny access based on client IP or other criteria."
Apache,"AH00558: Could not reliably determine the server's fully qualified domain name","Specify ServerName directive in the Apache configuration file."
Apache,"mod_rewrite: maximum number of internal redirects","Check for infinite rewrite loops in .htaccess or virtual host configurations."
Apache,"(98)Address already in use","Ensure no other service is running on the same port. Use 'netstat' or 'lsof' to identify and resolve conflicts."
Apache,"SSL handshake failed","Check SSL certificate and key files. Verify the configuration of the SSLCertificateFile and SSLCertificateKeyFile directives."
Apache,"AH01630: client denied by server configuration","Review <Require> directives and .htaccess rules to ensure appropriate access controls."
Apache,"AH01114: HTTP: failed to make connection to backend","Verify backend services are running and accessible. Check ProxyPass settings and network connectivity."
Apache,"SSL Library Error: error:140A90C4:SSL routines:func(169):reason(196)","This error often indicates a problem with the SSL certificate chain. Verify that the full chain of certificates is correctly installed."
Apache,"SSL Library Error: error:1407609C:SSL routines:SSL23_GET_CLIENT_HELLO:http request","This error suggests that an HTTP request was sent to an HTTPS port. Ensure that clients are using https:// in the URL."
Apache,"SSL Library Error: error:140940E5:SSL routines:ssl3_read_bytes:ssl handshake failure","This can indicate a mismatch in SSL/TLS versions or ciphers between the server and client. Review and adjust the SSLProtocol and SSLCipherSuite directives."
Apache,"SSL Library Error: error:1408A0C1:SSL routines:ssl3_get_client_hello:no shared cipher","Ensure the server's SSLCipherSuite includes ciphers supported by the client. This may involve updating client or server configurations."
Apache,"SSL Library Error: error:140AB18F:SSL routines:SSL_CTX_use_certificate:ee key too small","This error occurs when the server certificate's key length is too short. Generate a new certificate with a longer key."
Apache,"SSL Library Error: error:140AB18E:SSL routines:SSL_CTX_use_PrivateKey:key values mismatch","Check that the private key matches the certificate. Use the 'openssl x509' and 'openssl rsa' commands to compare the modulus of the certificate and key."
Apache,"AH01909: localhost:443:0 server certificate does NOT include an ID which matches the server name","Ensure the server's certificate includes the correct server name or IP address in the Common Name (CN) or SAN fields."
Apache,"AH02217: ssl_stapling_init_cert: can't retrieve issuer certificate!","For OCSP Stapling, ensure the SSLCertificateChainFile directive points to the correct intermediate certificate(s)."
Apache,"AH01873: Init: Session Cache is not configured [hint: SSLSessionCache]","Configure SSLSessionCache in your Apache configuration to enable session caching for improved SSL performance."
Apache,"AH02032: Hostname localhost provided via SNI and hostname localhost provided via HTTP are different","This warning indicates a potential name mismatch in the SSL configuration. Verify the ServerName and ServerAlias directives, and ensure they match the certificate."
Tomcat,"java.lang.OutOfMemoryError: Java heap space","Increase heap size with JAVA_OPTS, e.g., -Xmx1024m for 1GB of heap. Consider analyzing memory usage."
Tomcat,"SEVERE: A child container failed during start","Check Tomcat's catalina.out log for specific errors. Ensure web applications are correctly deployed."
Tomcat,"ClassNotFoundException","Ensure all libraries are in the WEB-INF/lib directory of your web application or in Tomcat's lib directory."
Tomcat,"java.net.BindException: Address already in use","Ensure no other process is using the Tomcat port. Change the port in server.xml if necessary."
Tomcat,"503 Service Unavailable","Verify if any web application is down or under heavy load. Check the Tomcat logs for more details."
Tomcat,"SEVERE: Servlet.service() for servlet [servletName] in context with path threw exception","Review the specific servlet's logs and debug based on the exception details provided."
Tomcat,"org.apache.catalina.LifecycleException","Check for incorrect configurations in your web application and Tomcat settings. Review catalina.out for detailed error information."
Tomcat,"Connection refused to host: 127.0.0.1","Ensure the application trying to connect is running and ports are correctly configured and open."
Tomcat,"WARNING: Cannot serialize session attribute","Ensure all objects stored in the session are serializable. Check for non-serializable objects."
Tomcat,"SEVERE: Error listenerStart","This usually indicates an issue in the web application's context listener. Check the application logs for more detailed errors."
Tomcat,"java.lang.OutOfMemoryError: Java heap space","Increase heap size in setenv.sh or JAVA_OPTS. Consider analyzing memory usage."
Tomcat,"SEVERE: A child container failed during start","Check Tomcat's catalina.out log for specific child container start-up errors."
Tomcat,"OutOfMemoryError","Increase heap size in setenv.sh or JAVA_OPTS."
Tomcat,"java.lang.OutOfMemoryError: Java heap space","Increase heap size in setenv.sh or JAVA_OPTS. Consider analyzing memory usage."
Tomcat,"SEVERE: A child container failed during start","Check Tomcat's catalina.out log for specific child container start-up errors."
Java,"NullPointerException","Ensure that objects are initialized before use. Consider adding null checks."
Java,"ClassNotFoundException","Ensure all required libraries are included in your classpath. Check for typos in class names."
Java,"NullPointerException","Ensure that objects are initialized before use. Consider adding null checks."
Java,"ClassNotFoundException","Ensure all required libraries are included in your classpath. Check for typos in class names."
Java,"NullPointerException","Check for objects that are not initialized before use. Use proper checks and initializations to prevent dereferencing null."
Java,"ClassNotFoundException","Ensure that the class name is correct and the classpath includes all necessary directories and JAR files."
Java,"NoClassDefFoundError","This can happen if a class was present during compile time but not found at runtime. Check your application's runtime classpath."
Java,"OutOfMemoryError: Java heap space","Increase the JVM's heap space. Consider using flags like -Xms1024m -Xmx2048m to adjust the initial and maximum heap size."
Java,"StackOverflowError","This error is often caused by recursive methods without a proper base case. Check for infinite recursion in your code."
Java,"IOException","Ensure that the file or network resource you're trying to access exists and is accessible. Handle exceptions properly."
Java,"FileNotFoundException","Verify the file path is correct and accessible. Check for proper permissions and existence of the file."
Java,"ArrayIndexOutOfBoundsException","Ensure you are not accessing an array element outside its bounds. Check array indexes carefully."
Java,"StringIndexOutOfBoundsException","When working with strings, ensure indexes used in methods like substring(), charAt() are within bounds."
Java,"NumberFormatException","Ensure format compatibility when parsing numeric values from strings. Use proper exception handling."
Oracle,"ORA-01234","Consult Oracle documentation for specific ORA- error codes."
Oracle,"ORA-12505, TNS:listener does not currently know of SID given in connect descriptor","Ensure that the SID specified in the connection string matches the SID configured in the listener.ora and tnsnames.ora files."
Oracle,"ORA-28000: the account is locked","Unlock the account using 'ALTER USER username ACCOUNT UNLOCK;' command in SQL*Plus."
Oracle,"ORA-00001: unique constraint (constraint_name) violated","This error indicates an attempt to insert a duplicate key. Check the data you're trying to insert and ensure it's unique."
Oracle,"ORA-01017: invalid username/password; logon denied","Verify the username and password are correct. Check for typos and ensure that the account is not locked."
Oracle,"ORA-00942: table or view does not exist","Ensure the table or view name is correct and that you have the necessary permissions to access it."
Oracle,"ORA-12154: TNS:could not resolve the connect identifier specified","Check the tnsnames.ora file for correct configuration of the database alias. Ensure the network connection to the database server is working."
Oracle,"ORA-12514: TNS:listener does not currently know of service requested in connect descriptor","Ensure the service name in the connection string matches the service name in the database. Check the listener.ora file for correct configuration."
Oracle,"ORA-12541: TNS:no listener","This error usually occurs if the Oracle database listener is not running. Start the listener with 'lsnrctl start'."
Oracle,"ORA-04031: unable to allocate string bytes of shared memory","This error indicates an issue with memory allocation. Increase the memory parameters in the database configuration."
Oracle,"ORA-01555: snapshot too old","This error occurs when a query attempts to use an older version of data that has already been overwritten. Increase the undo retention or optimize the long-running queries."
Oracle,"ORA-00600: internal error code","This is a generic error for Oracle internal exceptions. Check the Oracle support documentation and logs for specific details about the error."
Oracle,"ORA-28000: the account is locked","The user account is locked due to failed login attempts or policy restrictions. Unlock the account using 'ALTER USER username ACCOUNT UNLOCK;'."
Linux,"Permission denied","Ensure you have the necessary permissions to access the file or directory. Use 'chmod' or 'chown' to adjust permissions."
Linux,"No space left on device","Check disk usage with 'df -h' and clean up or expand storage. Investigate large files using 'du -hs *'."
Linux,"command not found","Ensure the command is installed and your PATH environment variable includes the directory where the command resides."
Linux,"Cannot allocate memory","Check memory usage with 'free -m'. Consider adding more RAM or creating a swap file/partition."
Linux,"Failed to start session","Check the system log for detailed errors (e.g., 'journalctl' or '/var/log/syslog'). Ensure display manager is correctly configured."
Linux,"Connection refused","Ensure the service is running on the target host and port. Check firewall rules and network connectivity."
Linux,"Network is unreachable","Verify network configuration with 'ip addr' and 'ip route'. Ensure network services are running."
Linux,"Read-only file system","Check the filesystem status with 'mount'. Use 'fsck' to check for and repair filesystem errors. Ensure proper mount options."
Linux,"Failed dependency","When installing software, ensure all required dependencies are installed. Use your package manager to resolve missing dependencies."
Linux,"Module not found","Ensure the kernel module is available and compatible with your kernel version. Use 'modprobe' to load it manually."
